employee_id,first_name,last_name,email,phone_number,hire_date,department,job_title,salary,currency,employment_status,manager_id,is_active,skills,address_street,address_city,address_state,address_postal_code,address_country,emergency_contact_name,emergency_contact_relationship,emergency_contact_phone,emergency_contact_email
ERR0001,Neha,Patel,neha.patel1@lumi.com,9876500001,2020-09-15,Sales,Account Manager,1460000,INR,Full-time,MGR0004,true,Docker;AWS;Java,"1, Silicon Heights",Pune,Maharashtra,411001,India,Rahul Patel,Spouse,9123400001,ec1@example.com
ERR0002,Meera,Das,meera.das2@lumi.com,9876500002,2019-07-28,Engineering,Backend Engineer,1470000,INR,Contract,MGR0009,true,Python;Docker;Spark,"2, Silicon Heights",Pune,Maharashtra,411001,India,Vikram Das,Spouse,9123400002,ec2@example.com
ERR0003,Meera,Das,meera.das3@lumi.com,+91-98765-43210,2020-11-22,Engineering,Backend Engineer,2440000,INR,Part-time,MGR0003,true,Python;AWS;Java,"3, Silicon Heights",Pune,Maharashtra,411001,India,Meera Das,Spouse,9123400003,ec3@example.com
ERR0004,Rahul,Nair,rahul.nair4@lumi.com,9876500004,2025-07-05,Engineering,Backend Engineer,1580000,INR,Full-time,MGR0001,true,SQL;Python;Docker,"4, Silicon Heights",Bengaluru,Karnataka,560100,India,Sara Nair,Spouse,9123400004,ec4@example.com
ERR0005,Sara,Khan,sara.khan5@lumi.com,9876500005,2019-02-16,HR,HR Specialist,440000,INR,Contract,MGR0009,false,SQL;Python;Java,"5, Silicon Heights",Pune,Maharashtra,411001,India,Arjun Khan,Spouse,9123400005,ec5@example.com
ERR0006,Arjun,Singh,arjun.singh6@lumi.com,9876500006,2024-03-08,Finance,Financial Analyst,720000,INR,Part-time,MGR0002,true,Python;Docker;SQL,"6, Silicon Heights",Bengaluru,Karnataka,560100,India,Sara Singh,Spouse,9123400006,ec6@example.com
ERR0007,Al,Nair,ravi.nair7@lumi.com,9876500007,2016-03-10,Operations,Ops Coordinator,670000,INR,Contract,MGR0001,true,AWS;Docker;Spark,"7, Silicon Heights",Indore,Madhya Pradesh,452001,India,Neha Nair,Spouse,9123400007,ec7@example.com
ERR0008,Priya,Nair,priya.nair8@lumi.com,9876500008,2019-11-20,Finance,Financial Analyst,2460000,INR,Full-time,MGR0001,true,Docker;SQL;Java,"8, Silicon Heights",Bengaluru,Karnataka,560100,India,Anita Nair,Spouse,9123400008,ec8@example.com
ERR0009,Sara,Sharma,sara.sharma9@lumi.com,9876500009,2016-07-12,Sales,Account Manager,2020000,INR,Part-time,MGR0003,true,Spark;AWS;SQL,"9, Silicon Heights",Pune,Maharashtra,411001,India,Rahul Sharma,Spouse,9123400009,ec9@example.com
ERR0010,Anita,Das,anita.das10@lumi.com,9876500010,2024-05-11,Sales,Account Manager,1020000,INR,Full-time,MGR0005,true,Python;Docker;AWS,"10, Silicon Heights",Pune,Maharashtra,411001,India,Sara Das,Spouse,9123400010,ec10@example.com
ERR0011,Arjun,Das,arjun.das11@lumi.com,9876500011,2022-04-12,HR,HR Specialist,2440000,INR,Part-time,MGR0006,true,AWS;SQL;Java,"11, Silicon Heights",Bengaluru,Karnataka,560100,India,Anita Das,Spouse,9123400011,ec11@example.com
ERR0012,Neha,Patel,neha.patel12@lumi.com,9876500012,2021-08-18,Finance,Financial Analyst,lots,INR,Full-time,MGR0008,true,Docker;Spark;Java,"12, Silicon Heights",Indore,Madhya Pradesh,452001,India,Priya Patel,Spouse,9123400012,ec12@example.com
ERR0013,Vikram,Singh,vikram.singh13@lumi.com,9876500013,2018-05-22,Sales,Account Manager,1880000,INR,Part-time,MGR0008,true,SQL;Docker;Spark,"13, Silicon Heights",Indore,Madhya Pradesh,452001,India,Sara Singh,Spouse,9123400013,ec13@example.com
ERR0014,Karan,Rao,karan.rao14@lumi.com,9876500014,2018-02-24,HR,HR Specialist,890000,INR,Part-time,MGR0002,true,Spark;Python;AWS,"14, Silicon Heights",Pune,Maharashtra,411001,India,Neha Rao,Spouse,9123400014,ec14@example.com
ERR0015,Karan,Rao,karan.rao15@lumi.com,9876500015,2024-05-04,Operations,Ops Coordinator,890000,INR,Part-time,MGR0004,true,SQL;Java;Python,"15, Silicon Heights",Indore,Madhya Pradesh,452001,India,Vikram Rao,Spouse,9123400015,ec15@example.com
ERR0016,Arjun,Sharma,,9876500016,2017-11-28,Operations,Ops Coordinator,2320000,INR,Part-time,MGR0002,true,AWS;SQL;Docker,"16, Silicon Heights",Pune,Maharashtra,411001,India,Karan Sharma,Spouse,9123400016,ec16@example.com
ERR0017,Karan,Iyer,karan.iyer17@lumi.com,9876500017,2019-08-04,Finance,Financial Analyst,2500000,INR,Full-time,MGR0007,true,AWS;Java;Python,"17, Silicon Heights",Bengaluru,Karnataka,560100,India,Ravi Iyer,Spouse,9123400017,ec17@example.com
ERR0018,Rahul,Rao,rahul.rao18@lumi.com,9876500018,2016-09-25,Engineering,Backend Engineer,1460000,INR,Contract,MGR0004,true,Docker;Spark;AWS,"18, Silicon Heights",Bengaluru,Karnataka,560100,India,Vikram Rao,Spouse,9123400018,ec18@example.com
ERR0019,Rahul,Khan,rahul.khan19@lumi.com,9876500019,2024-01-20,HR,HR Specialist,2290000,INR,Full-time,MGR0004,true,SQL;Java;Python,"19, Silicon Heights",Indore,Madhya Pradesh,452001,India,Neha Khan,Spouse,9123400019,ec19@example.com
ERR0020,Ravi,Mehta,ravi.mehta20@lumi.com,9876500020,2015-07-15,Engineering,Backend Engineer,2160000,INR,Contract,MGR0008,true,Python;SQL;AWS,"20, Silicon Heights",Bengaluru,Karnataka,560100,India,Karan Mehta,Spouse,9123400020,ec20@example.com
